"aminoAcid"	"vGeneName"	"Difference"	"Year"
"CASSDIQGYEQYF (Sbj_06 )"	"TCRBV05-01 (Sbj_06 )"	105	2016
"CASSLQQGYEQYF (Sbj_06 )"	"TCRBV12 (Sbj_06 )"	92	2016
"CASRTGGIRDGYTF (Sbj_06 )"	"TCRBV06-06 (Sbj_06 )"	57	2016
"CASSLLGQESGYTF (Sbj_05 )"	"TCRBV12 (Sbj_05 )"	43	2016
"CAISERGGNQPQHF (Sbj_06 )"	"TCRBV10-03 (Sbj_06 )"	43	2016
"CASSLAGGTIYF (Sbj_05 )"	"TCRBV07-02 (Sbj_05 )"	33	2016
"CASSFGMGYGYTF (Sbj_05 )"	"TCRBV07-08 (Sbj_05 )"	31	2016
"CASSPSGGDTGELFF (Sbj_05 )"	"TCRBV07-02 (Sbj_05 )"	31	2016
"CASSVEPGAQGYTF (Sbj_06 )"	"TCRBV09-01 (Sbj_06 )"	29	2016
"CASSLARQGPLTQYF (Sbj_05 )"	"TCRBV05-01 (Sbj_05 )"	27	2016
"CSARDRNGWLSGGPQHF (Sbj_05 )"	"TCRBV20 (Sbj_05 )"	26	2016
"CASSPGHRSGNTIYF (Sbj_05 )"	"TCRBV19-01 (Sbj_05 )"	24	2016
"CASSRDRVDEQYF (Sbj_05 )"	"TCRBV10-01 (Sbj_05 )"	24	2016
"CASSIIAGVPEQYF (Sbj_05 )"	"TCRBV05-01 (Sbj_05 )"	23	2016
"CASRPGSSYEQYF (Sbj_05 )"	"TCRBV28-01 (Sbj_05 )"	22	2016
"CASSWGGIANTGELFF (Sbj_05 )"	"TCRBV05-04 (Sbj_05 )"	22	2016
"CASEGGRGTEAFF (Sbj_05 )"	"TCRBV19-01 (Sbj_05 )"	21	2016
"CASSHGKKQPQHF (Sbj_05 )"	"TCRBV19-01 (Sbj_05 )"	21	2016
"CSGIDSVWSGELFF (Sbj_11 )"	"TCRBV29-01 (Sbj_11 )"	21	2017
"CASRRGMGEKLFF (Sbj_05 )"	"TCRBV12 (Sbj_05 )"	19	2016
"CASSQDKGQPQHF (Sbj_05 )"	"TCRBV04-03 (Sbj_05 )"	19	2016
"CASSQDPRQDQPQHF (Sbj_05 )"	"TCRBV03 (Sbj_05 )"	19	2016
"CASSQESGRNSPLHF (Sbj_06 )"	"TCRBV04-03 (Sbj_06 )"	18	2016
"CASSLDDRYSNQPQHF (Sbj_05 )"	"TCRBV07-02 (Sbj_05 )"	17	2016
"CASSYRGQNTEAFF (Sbj_05 )"	"TCRBV18-01 (Sbj_05 )"	17	2016
"CASSGDGVQPQHF (Sbj_05 )"	"TCRBV09-01 (Sbj_05 )"	16	2016
"CASAEGMGYGYTF (Sbj_05 )"	"TCRBV10-02 (Sbj_05 )"	15	2016
"CASSSPGAGTDTQYF (Sbj_05 )"	"TCRBV06-06 (Sbj_05 )"	15	2016
"CASSLATVYEQYF (Sbj_06 )"	"TCRBV07-08 (Sbj_06 )"	15	2016
"CSARAPGGENQPQHF (Sbj_06 )"	"TCRBV20 (Sbj_06 )"	15	2016
"CASSFRGFTGELFF (Sbj_05 )"	"TCRBV11-03 (Sbj_05 )"	14	2016
"CASSELGEQFF (Sbj_05 )"	"TCRBV06-01 (Sbj_05 )"	13	2016
"CASSLGSSSNYGYTF (Sbj_05 )"	"TCRBV05-01 (Sbj_05 )"	13	2016
"CASSLHTTGRTEAFF (Sbj_05 )"	"TCRBV05-06 (Sbj_05 )"	13	2016
"CASSLKGQGADSPLHF (Sbj_05 )"	"TCRBV27-01 (Sbj_05 )"	12	2016
"CASSLSVAGELFF (Sbj_05 )"	"TCRBV07-09 (Sbj_05 )"	12	2016
"CASSLDGPSTLHF (Sbj_06 )"	"TCRBV05-08 (Sbj_06 )"	12	2016
"CASSVDRGRVAFF (Sbj_06 )"	"TCRBV11-02 (Sbj_06 )"	12	2016
"CASAGGDRGTEAFF (Sbj_05 )"	"TCRBV27-01 (Sbj_05 )"	11	2016
"CASRLWTGGDYGYTF (Sbj_05 )"	"TCRBV05-01 (Sbj_05 )"	11	2016
"CASSLSGGWGEKLFF (Sbj_05 )"	"TCRBV07-08 (Sbj_05 )"	11	2016
"CATRRDTATEAFF (Sbj_05 )"	"TCRBV24 (Sbj_05 )"	11	2016
"CASSSGTGFSYEQYF (Sbj_06 )"	"TCRBV19-01 (Sbj_06 )"	11	2016
"CSARVGQGGGSPLHF (Sbj_06 )"	"TCRBV20 (Sbj_06 )"	11	2016
"CSLNRGPMGSPLHF (Sbj_06 )"	"TCRBV20 (Sbj_06 )"	11	2016
"CASSEEGTGQETQYF (Sbj_05 )"	"TCRBV02-01 (Sbj_05 )"	10	2016
"CASSPLAGGSYEQYF (Sbj_05 )"	"TCRBV07-02 (Sbj_05 )"	10	2016
"CATSDPTTNYGYTF (Sbj_05 )"	"TCRBV24 (Sbj_05 )"	10	2016
"CAWRGENQPQHF (Sbj_05 )"	"TCRBV30-01 (Sbj_05 )"	10	2016
"CSARAQSTEKLFF (Sbj_05 )"	"TCRBV20 (Sbj_05 )"	10	2016
"CSARDPDRMPYEQYF (Sbj_05 )"	"TCRBV20 (Sbj_05 )"	10	2016
"CASSESEVRQPQHF (Sbj_05 )"	"TCRBV10-02 (Sbj_05 )"	9	2016
"CASSLVAGTGDTQYF (Sbj_05 )"	"TCRBV05-06 (Sbj_05 )"	9	2016
"CASTPGDQIRTQHF (Sbj_05 )"	"TCRBV12 (Sbj_05 )"	9	2016
"CSATRQGNRFYGYTF (Sbj_05 )"	"TCRBV20 (Sbj_05 )"	9	2016
"CASSAFSGTGPTGELFF (Sbj_06 )"	"TCRBV27-01 (Sbj_06 )"	9	2016
"CAIRGSPGGINYGYTF (Sbj_05 )"	"TCRBV10-03 (Sbj_05 )"	8	2016
"CASSLSTGSNYEQYF (Sbj_05 )"	"TCRBV11-02 (Sbj_05 )"	8	2016
"CASSPLSDGAKNIQYF (Sbj_05 )"	"TCRBV04-02 (Sbj_05 )"	8	2016
"CAWGQLYGYTF (Sbj_05 )"	"TCRBV30-01 (Sbj_05 )"	8	2016
"CSARDIGQYF (Sbj_05 )"	"TCRBV20-01 (Sbj_05 )"	8	2016
"CSGGPGIYGYTF (Sbj_05 )"	"TCRBV29-01 (Sbj_05 )"	8	2016
"CASRTGKGYTF (Sbj_06 )"	"TCRBV19-01 (Sbj_06 )"	8	2016
"CASSQQGAESPLHF (Sbj_06 )"	"TCRBV18-01 (Sbj_06 )"	8	2016
"CASSYGELAGASSYEQYF (Sbj_06 )"	"TCRBV06 (Sbj_06 )"	8	2016
"CASSHQVGRPAEKLFF (Sbj_05 )"	"TCRBV16-01 (Sbj_05 )"	7	2016
"CASSIWGRLEAFF (Sbj_05 )"	"TCRBV19-01 (Sbj_05 )"	7	2016
"CAWSMGQGSNIQYF (Sbj_05 )"	"TCRBV30-01 (Sbj_05 )"	7	2016
"CSARTGGSYGYTF (Sbj_05 )"	"TCRBV20 (Sbj_05 )"	7	2016
"CSATGQGNTGELFF (Sbj_05 )"	"TCRBV29-01 (Sbj_05 )"	7	2016
"CASGTSGSGEQFF (Sbj_05 )"	"TCRBV09-01 (Sbj_05 )"	6	2016
"CASRALTDPGNTIYF (Sbj_05 )"	"TCRBV10-02 (Sbj_05 )"	6	2016
"CASSLDRDTQYF (Sbj_05 )"	"TCRBV05-04 (Sbj_05 )"	6	2016
"CASSLGQGYEKLFF (Sbj_05 )"	"TCRBV28-01 (Sbj_05 )"	6	2016
"CASSRGAPGGEQYF (Sbj_05 )"	"TCRBV03 (Sbj_05 )"	6	2016
"CSARARQLVGYTF (Sbj_05 )"	"TCRBV20 (Sbj_05 )"	6	2016
"CASSEVGGEQYF (Sbj_06 )"	"TCRBV06-01 (Sbj_06 )"	6	2016
"CASSQFSRPGGDQPQHF (Sbj_10 )"	"TCRBV04-02 (Sbj_10 )"	6	2017
"CASTPGQGNRGYTF (Sbj_10 )"	"TCRBV06 (Sbj_10 )"	6	2017
"CASSLGTGNTIYF (Sbj_14 )"	"TCRBV09-01 (Sbj_14 )"	6	2017
"CASGGQGGQPQHF (Sbj_05 )"	"TCRBV07-09 (Sbj_05 )"	5	2016
"CASRNNNGVLTF (Sbj_05 )"	"TCRBV07-09 (Sbj_05 )"	5	2016
"CASSLGSGGMETQYF (Sbj_05 )"	"TCRBV07-02 (Sbj_05 )"	5	2016
"CASSLLGPSRGSEAFF (Sbj_05 )"	"TCRBV07-02 (Sbj_05 )"	5	2016
"CASSLVLEWRDGYTF (Sbj_05 )"	"TCRBV07-08 (Sbj_05 )"	5	2016
"CASSQGGGFGYGYTF (Sbj_05 )"	"TCRBV03 (Sbj_05 )"	5	2016
"CASSQRYGTSGRNTYEQYF (Sbj_05 )"	"TCRBV04-02 (Sbj_05 )"	5	2016
"CASSRAGSLYGYTF (Sbj_05 )"	"TCRBV06 (Sbj_05 )"	5	2016
"CASSSPGQYGYTF (Sbj_05 )"	"TCRBV06-05 (Sbj_05 )"	5	2016
"CASSLAQRQGAEGYTF (Sbj_06 )"	"TCRBV05-05 (Sbj_06 )"	5	2016
"CASSVEGDSGNTIYF (Sbj_06 )"	"TCRBV09-01 (Sbj_06 )"	5	2016
"CAWSPTGGLRETQYF (Sbj_06 )"	"TCRBV30-01 (Sbj_06 )"	5	2016
"CASSVGTDKANYGYTF (Sbj_11 )"	"TCRBV09-01 (Sbj_11 )"	5	2017
"CASRKALTGNTEAFF (Sbj_05 )"	"TCRBV27-01 (Sbj_05 )"	4	2016
"CASSAVGQATYEQYF (Sbj_05 )"	"TCRBV05-01 (Sbj_05 )"	4	2016
"CASSEEGVWNSPLHF (Sbj_05 )"	"TCRBV11-01 (Sbj_05 )"	4	2016
"CASSETSGVWETQYF (Sbj_05 )"	"TCRBV04-02 (Sbj_05 )"	4	2016
"CASSGIGTENTEAFF (Sbj_05 )"	"TCRBV09-01 (Sbj_05 )"	4	2016
"CASSLDGAGTGNTEAFF (Sbj_05 )"	"TCRBV07-02 (Sbj_05 )"	4	2016
"CASSQQERISNQPQHF (Sbj_05 )"	"TCRBV04-01 (Sbj_05 )"	4	2016
"CASSSGLGYYEQYF (Sbj_05 )"	"TCRBV07-02 (Sbj_05 )"	4	2016
"CASSVAGGDTQYF (Sbj_05 )"	"TCRBV09-01 (Sbj_05 )"	4	2016
"CASNDGQSYNSPLHF (Sbj_06 )"	"TCRBV19-01 (Sbj_06 )"	4	2016
"CASSEAGQGAYEQYF (Sbj_06 )"	"TCRBV06-01 (Sbj_06 )"	4	2016
"CASSHNLQGGGEAFF (Sbj_06 )"	"TCRBV06 (Sbj_06 )"	4	2016
"CASSLAAGTYEQYF (Sbj_06 )"	"TCRBV11-01 (Sbj_06 )"	4	2016
"CASSLVGETQYF (Sbj_06 )"	"TCRBV05-01 (Sbj_06 )"	4	2016
"CASSPLDSGNTIYF (Sbj_06 )"	"TCRBV03 (Sbj_06 )"	4	2016
"CASSQDPRSLYEQYF (Sbj_06 )"	"TCRBV03 (Sbj_06 )"	4	2016
"CASSQNTGGEPQHF (Sbj_06 )"	"TCRBV04-03 (Sbj_06 )"	4	2016
"CASSVALGGESPLHF (Sbj_06 )"	"TCRBV09-01 (Sbj_06 )"	4	2016
"CAWSLRGGLGEQYF (Sbj_06 )"	"TCRBV30-01 (Sbj_06 )"	4	2016
"CTSSQDVPSGTPYNEQFF (Sbj_06 )"	"TCRBV01-01 (Sbj_06 )"	4	2016
"CATSTDREHYGYTF (Sbj_14 )"	"TCRBV24 (Sbj_14 )"	4	2016
"CAGTGQGTQETQYF (Sbj_05 )"	"TCRBV30-01 (Sbj_05 )"	3	2016
"CASGRTGGYTEAFF (Sbj_05 )"	"TCRBV27-01 (Sbj_05 )"	3	2016
"CASRAGTGEDYGYTF (Sbj_05 )"	"TCRBV05-04 (Sbj_05 )"	3	2016
"CASSFGENGGYTF (Sbj_05 )"	"TCRBV07-09 (Sbj_05 )"	3	2016
"CASSHPRTGMNTEAFF (Sbj_05 )"	"TCRBV27-01 (Sbj_05 )"	3	2016
"CASSIGPGRSTDTQYF (Sbj_05 )"	"TCRBV07-09 (Sbj_05 )"	3	2016
"CASSLGSGETQYF (Sbj_05 )"	"TCRBV05-01 (Sbj_05 )"	3	2016
"CASSLLAGGPGETQYF (Sbj_05 )"	"TCRBV05-04 (Sbj_05 )"	3	2016
"CASSPTGGSVEAFF (Sbj_05 )"	"TCRBV18-01 (Sbj_05 )"	3	2016
"CASSQDKHEQYF (Sbj_05 )"	"TCRBV04-02 (Sbj_05 )"	3	2016
"CASSQDLETAYGYTF (Sbj_05 )"	"TCRBV14-01 (Sbj_05 )"	3	2016
"CASSQETGTRGNTIYF (Sbj_05 )"	"TCRBV04-01 (Sbj_05 )"	3	2016
"CASSQGDEKLFF (Sbj_05 )"	"TCRBV03 (Sbj_05 )"	3	2016
"CASSQSASGDYEQYF (Sbj_05 )"	"TCRBV04-01 (Sbj_05 )"	3	2016
"CASSRQGGGNEKLFF (Sbj_05 )"	"TCRBV06-06 (Sbj_05 )"	3	2016
"CASSSGAGYYEQYF (Sbj_05 )"	"TCRBV07-02 (Sbj_05 )"	3	2016
"CASSSGTGFYEQYF (Sbj_05 )"	"TCRBV07-02 (Sbj_05 )"	3	2016
"CASSSTGGSYEQYF (Sbj_05 )"	"TCRBV11-02 (Sbj_05 )"	3	2016
"CASSTDRDQPQHF (Sbj_05 )"	"TCRBV27-01 (Sbj_05 )"	3	2016
"CATQGGALSYEQYF (Sbj_05 )"	"TCRBV28-01 (Sbj_05 )"	3	2016
"CSASGGGGGNYGYTF (Sbj_05 )"	"TCRBV20 (Sbj_05 )"	3	2016
"CSVGPRRGGELFF (Sbj_05 )"	"TCRBV29-01 (Sbj_05 )"	3	2016
"CASSFADNEQYF (Sbj_06 )"	"TCRBV28-01 (Sbj_06 )"	3	2016
"CASSTGTGFYEQYF (Sbj_06 )"	"TCRBV07-02 (Sbj_06 )"	3	2016
"CSAPNARISSYNEQFF (Sbj_06 )"	"TCRBV20 (Sbj_06 )"	3	2016
"CSARDLRTTNEKLFF (Sbj_06 )"	"TCRBV20 (Sbj_06 )"	3	2016
"CSARGGGRGFGNTIYF (Sbj_06 )"	"TCRBV20 (Sbj_06 )"	3	2016
"CSAREGTGIRSPLHF (Sbj_10 )"	"TCRBV20 (Sbj_10 )"	3	2016
"CSARWTGAYGYTF (Sbj_10 )"	"TCRBV20 (Sbj_10 )"	3	2017
"CASRDSNSPLHF (Sbj_11 )"	"TCRBV02-01 (Sbj_11 )"	3	2016
"CASSSDRAEAFF (Sbj_11 )"	"TCRBV06-06 (Sbj_11 )"	3	2017
"CAWSVGNSNQPQHF (Sbj_11 )"	"TCRBV30-01 (Sbj_11 )"	3	2017
"CASSIQAGGINQPQHF (Sbj_14 )"	"TCRBV19-01 (Sbj_14 )"	3	2017
"CASNTRRNLYGYTF (Sbj_05 )"	"TCRBV06 (Sbj_05 )"	2	2016
"CASRRYLTGGGGNTIYF (Sbj_05 )"	"TCRBV05-06 (Sbj_05 )"	2	2016
"CASSDGVGNEQFF (Sbj_05 )"	"TCRBV06-04 (Sbj_05 )"	2	2016
"CASSLGFGQWDYEQYF (Sbj_05 )"	"TCRBV27-01 (Sbj_05 )"	2	2016
"CASSLGRNNQPQHF (Sbj_05 )"	"TCRBV07-02 (Sbj_05 )"	2	2016
"CASSLRGNTEAFF (Sbj_05 )"	"TCRBV07-02 (Sbj_05 )"	2	2016
"CASSLTRGGYNEQFF (Sbj_05 )"	"TCRBV27-01 (Sbj_05 )"	2	2016
"CASSLVQGHQPQHF (Sbj_05 )"	"TCRBV07-02 (Sbj_05 )"	2	2016
"CASSLVVGQRYWGYTF (Sbj_05 )"	"TCRBV07-02 (Sbj_05 )"	2	2016
"CASSNLRTGYGYTF (Sbj_05 )"	"TCRBV06 (Sbj_05 )"	2	2016
"CASSPARGSYGYTF (Sbj_05 )"	"TCRBV07-02 (Sbj_05 )"	2	2016
"CASSPGGGIYGYTF (Sbj_05 )"	"TCRBV28-01 (Sbj_05 )"	2	2016
"CASSPGGPYGYTF (Sbj_05 )"	"TCRBV11-02 (Sbj_05 )"	2	2016
"CASSPTSGGNEKLFF (Sbj_05 )"	"TCRBV28-01 (Sbj_05 )"	2	2016
"CASSQDRASLNVFF (Sbj_05 )"	"TCRBV04-02 (Sbj_05 )"	2	2016
"CASSQDYDSPLHF (Sbj_05 )"	"TCRBV04-01 (Sbj_05 )"	2	2016
"CASSRSGIQETQYF (Sbj_05 )"	"TCRBV19-01 (Sbj_05 )"	2	2016
"CASSSRQGYYGYTF (Sbj_05 )"	"TCRBV12 (Sbj_05 )"	2	2016
"CASSTSVNTEAFF (Sbj_05 )"	"TCRBV06-04 (Sbj_05 )"	2	2016
"CASSVVGGRATDTQYF (Sbj_05 )"	"TCRBV09-01 (Sbj_05 )"	2	2016
"CASSYSGIDGYTF (Sbj_05 )"	"TCRBV06 (Sbj_05 )"	2	2016
"CSARVPDTEAFF (Sbj_05 )"	"TCRBV20 (Sbj_05 )"	2	2016
"CASSSVTGGSQPQHF (Sbj_05 )"	"TCRBV07-09 (Sbj_05 )"	2	2017
"CATSDTGTGRRDEQFF (Sbj_05 )"	"TCRBV24 (Sbj_05 )"	2	2017
"CASSQPGLASREQFF (Sbj_06 )"	"TCRBV14-01 (Sbj_06 )"	2	2016
"CASSSYRYAAYEQYF (Sbj_06 )"	"TCRBV28-01 (Sbj_06 )"	2	2016
"CASSTYSYEQYF (Sbj_06 )"	"TCRBV07-02 (Sbj_06 )"	2	2016
"CASRARLAGGTGELFF (Sbj_10 )"	"TCRBV11-02 (Sbj_10 )"	2	2016
"CASSKAPGFF (Sbj_10 )"	"TCRBV21-01 (Sbj_10 )"	2	2016
"CASSLGRDTQYF (Sbj_10 )"	"TCRBV12 (Sbj_10 )"	2	2016
"CASRMVSGELFF (Sbj_10 )"	"TCRBV12 (Sbj_10 )"	2	2017
"CASSRGAGASLQETQYF (Sbj_10 )"	"TCRBV04-02 (Sbj_10 )"	2	2017
"CASSTGGAETQYF (Sbj_10 )"	"TCRBV05-01 (Sbj_10 )"	2	2017
"CASTPLGSTGNTEAFF (Sbj_10 )"	"TCRBV28-01 (Sbj_10 )"	2	2017
"CASSFSGTTSNQPQHF (Sbj_11 )"	"TCRBV07-09 (Sbj_11 )"	2	2016
"CASSATGQPQHF (Sbj_11 )"	"TCRBV02-01 (Sbj_11 )"	2	2017
"CASSLALDEQYF (Sbj_11 )"	"TCRBV07-09 (Sbj_11 )"	2	2017
"CASSLSFSSTNYGYTF (Sbj_11 )"	"TCRBV27-01 (Sbj_11 )"	2	2017
"CASSRQGGSGNTIYF (Sbj_11 )"	"TCRBV13-01 (Sbj_11 )"	2	2017
"CASSRTGELFF (Sbj_11 )"	"TCRBV18-01 (Sbj_11 )"	2	2017
"CATSHRGEGTIYF (Sbj_11 )"	"TCRBV15-01 (Sbj_11 )"	2	2017
"CSASFPSSGRDEQYF (Sbj_11 )"	"TCRBV20 (Sbj_11 )"	2	2017
"CASSLVGNAGNTIYF (Sbj_14 )"	"TCRBV07-02 (Sbj_14 )"	2	2016
"CASRGGNYGYTF (Sbj_14 )"	"TCRBV06-05 (Sbj_14 )"	2	2017
"CASSLAGVAGTTDTQYF (Sbj_14 )"	"TCRBV05-01 (Sbj_14 )"	2	2017
"CASSLGSQRNNYGYTF (Sbj_14 )"	"TCRBV07-09 (Sbj_14 )"	2	2017
"CSSLVGVAGYTF (Sbj_14 )"	"TCRBV29-01 (Sbj_14 )"	2	2017
"CAAVSGAGTGELFF (Sbj_05 )"	"TCRBV03 (Sbj_05 )"	1	2016
"CASEGLAQETQYF (Sbj_05 )"	"TCRBV03 (Sbj_05 )"	1	2016
"CASIIAGGLGYEQYF (Sbj_05 )"	"TCRBV06-01 (Sbj_05 )"	1	2016
"CASISPRLAEQFF (Sbj_05 )"	"TCRBV06 (Sbj_05 )"	1	2016
"CASMGARGETQYF (Sbj_05 )"	"TCRBV02-01 (Sbj_05 )"	1	2016
"CASNDRGPNEKLFF (Sbj_05 )"	"TCRBV10-02 (Sbj_05 )"	1	2016
"CASRAGTGGYANYGYTF (Sbj_05 )"	"TCRBV27-01 (Sbj_05 )"	1	2016
"CASRATGANTGELFF (Sbj_05 )"	"TCRBV02-01 (Sbj_05 )"	1	2016
"CASRPTGTGKHEQYF (Sbj_05 )"	"TCRBV06 (Sbj_05 )"	1	2016
"CASSALTSPIGPASGELFF (Sbj_05 )"	"TCRBV06-01 (Sbj_05 )"	1	2016
"CASSDRRQGNEKLFF (Sbj_05 )"	"TCRBV25-01 (Sbj_05 )"	1	2016
"CASSIDIAAEAFF (Sbj_05 )"	"TCRBV19-01 (Sbj_05 )"	1	2016
"CASSIHQGQAYYGYTF (Sbj_05 )"	"TCRBV19-01 (Sbj_05 )"	1	2016
"CASSISGSTETQYF (Sbj_05 )"	"TCRBV19-01 (Sbj_05 )"	1	2016
"CASSLDLAGVTDTQYF (Sbj_05 )"	"TCRBV07-02 (Sbj_05 )"	1	2016
"CASSLDRGVNGYTF (Sbj_05 )"	"TCRBV13-01 (Sbj_05 )"	1	2016
"CASSLDTFRAFF (Sbj_05 )"	"TCRBV07-09 (Sbj_05 )"	1	2016
"CASSLEKVSYEQYF (Sbj_05 )"	"TCRBV05-04 (Sbj_05 )"	1	2016
"CASSLGGSSYEQYF (Sbj_05 )"	"TCRBV28-01 (Sbj_05 )"	1	2016
"CASSLLQYNEQFF (Sbj_05 )"	"TCRBV07-06 (Sbj_05 )"	1	2016
"CASSLQGVGETQYF (Sbj_05 )"	"TCRBV12 (Sbj_05 )"	1	2016
"CASSLTGGHTEAFF (Sbj_05 )"	"TCRBV07-03 (Sbj_05 )"	1	2016
"CASSPGGRENYGYTF (Sbj_05 )"	"TCRBV07-08 (Sbj_05 )"	1	2016
"CASSPHRDPGEQYF (Sbj_05 )"	"TCRBV07-03 (Sbj_05 )"	1	2016
"CASSPPNRADQPQHF (Sbj_05 )"	"TCRBV06 (Sbj_05 )"	1	2016
"CASSPRRGGGANEQFF (Sbj_05 )"	"TCRBV06 (Sbj_05 )"	1	2016
"CASSPTGGVGTDTQYF (Sbj_05 )"	"TCRBV19-01 (Sbj_05 )"	1	2016
"CASSPTGNYGYTF (Sbj_05 )"	"TCRBV11-01 (Sbj_05 )"	1	2016
"CASSQAQTQYF (Sbj_05 )"	"TCRBV07-02 (Sbj_05 )"	1	2016
"CASSQDWTATNEKLFF (Sbj_05 )"	"TCRBV04-03 (Sbj_05 )"	1	2016
"CASSQGALSGEGDTQYF (Sbj_05 )"	"TCRBV04-02 (Sbj_05 )"	1	2016
"CASSQGGNRVDGYTF (Sbj_05 )"	"TCRBV04-03 (Sbj_05 )"	1	2016
"CASSQGGQGAYGYTF (Sbj_05 )"	"TCRBV04-02 (Sbj_05 )"	1	2016
"CASSQGTTGELFF (Sbj_05 )"	"TCRBV14-01 (Sbj_05 )"	1	2016
"CASSQYHRDPGELFF (Sbj_05 )"	"TCRBV04-02 (Sbj_05 )"	1	2016
"CASSRTGEDIQYF (Sbj_05 )"	"TCRBV27-01 (Sbj_05 )"	1	2016
"CASSRTSGRTGELFF (Sbj_05 )"	"TCRBV02-01 (Sbj_05 )"	1	2016
"CASSSGTDHNQPQHF (Sbj_05 )"	"TCRBV06 (Sbj_05 )"	1	2016
"CASSVGLYEQYF (Sbj_05 )"	"TCRBV05-06 (Sbj_05 )"	1	2016
"CASSVGRNTEAFF (Sbj_05 )"	"TCRBV09-01 (Sbj_05 )"	1	2016
"CASSYSILLQGYEQYF (Sbj_05 )"	"TCRBV06 (Sbj_05 )"	1	2016
"CASTPVDPRRNTIYF (Sbj_05 )"	"TCRBV05-01 (Sbj_05 )"	1	2016
"CATEVGSGRRNEQFF (Sbj_05 )"	"TCRBV25-01 (Sbj_05 )"	1	2016
"CATSDALGQWGASEGQYF (Sbj_05 )"	"TCRBV24 (Sbj_05 )"	1	2016
"CATSDVRGSAFF (Sbj_05 )"	"TCRBV24 (Sbj_05 )"	1	2016
"CATSRDGGQIYGYTF (Sbj_05 )"	"TCRBV15-01 (Sbj_05 )"	1	2016
"CAWSVRDLYGYTF (Sbj_05 )"	"TCRBV30-01 (Sbj_05 )"	1	2016
"CSADRGQVGYTF (Sbj_05 )"	"TCRBV20 (Sbj_05 )"	1	2016
"CSAGEATGAREKLFF (Sbj_05 )"	"TCRBV20 (Sbj_05 )"	1	2016
"CSAIRGIGFDYGYTF (Sbj_05 )"	"TCRBV20 (Sbj_05 )"	1	2016
"CSALQGFNYGYTF (Sbj_05 )"	"TCRBV20 (Sbj_05 )"	1	2016
"CSANRATGNQPQHF (Sbj_05 )"	"TCRBV20 (Sbj_05 )"	1	2016
"CSAPTVPGQGANEQFF (Sbj_05 )"	"TCRBV20 (Sbj_05 )"	1	2016
"CSARDSGRTTEAFF (Sbj_05 )"	"TCRBV20 (Sbj_05 )"	1	2016
"CSAREGVGGTGGYTF (Sbj_05 )"	"TCRBV20 (Sbj_05 )"	1	2016
"CSARGGGTYEQYF (Sbj_05 )"	"TCRBV20 (Sbj_05 )"	1	2016
"CSARKQGTYNSPLHF (Sbj_05 )"	"TCRBV20 (Sbj_05 )"	1	2016
"CSARLPGQPQHF (Sbj_05 )"	"TCRBV20 (Sbj_05 )"	1	2016
"CSASEGGDNEKLFF (Sbj_05 )"	"TCRBV20 (Sbj_05 )"	1	2016
"CSVTETGGGRDEQYF (Sbj_05 )"	"TCRBV29-01 (Sbj_05 )"	1	2016
"CAAPRDRLQNTEAFF (Sbj_05 )"	"TCRBV24 (Sbj_05 )"	1	2017
"CASRATQRGTQYF (Sbj_05 )"	"TCRBV27-01 (Sbj_05 )"	1	2017
"CASRGHDRGEQYF (Sbj_05 )"	"TCRBV12 (Sbj_05 )"	1	2017
"CASSAELGANNEQFF (Sbj_05 )"	"TCRBV06-04 (Sbj_05 )"	1	2017
"CASSEEVGTEAFF (Sbj_05 )"	"TCRBV02-01 (Sbj_05 )"	1	2017
"CASSEWGSEQYF (Sbj_05 )"	"TCRBV02-01 (Sbj_05 )"	1	2017
"CASSHATGLGEQYF (Sbj_05 )"	"TCRBV14-01 (Sbj_05 )"	1	2017
"CASSIWAGKGGYTF (Sbj_05 )"	"TCRBV19-01 (Sbj_05 )"	1	2017
"CASSLDGSTYGYTF (Sbj_05 )"	"TCRBV07-03 (Sbj_05 )"	1	2017
"CASSLEGSRNTIYF (Sbj_05 )"	"TCRBV11-02 (Sbj_05 )"	1	2017
"CASSLRSGTGGGELFF (Sbj_05 )"	"TCRBV11-03 (Sbj_05 )"	1	2017
"CASSLTVGGRANEKLFF (Sbj_05 )"	"TCRBV28-01 (Sbj_05 )"	1	2017
"CASSLVGSPEQYF (Sbj_05 )"	"TCRBV05-04 (Sbj_05 )"	1	2017
"CASSPAPGQGTSYEQYF (Sbj_05 )"	"TCRBV03 (Sbj_05 )"	1	2017
"CASSPHQTGEAETQYF (Sbj_05 )"	"TCRBV04-03 (Sbj_05 )"	1	2017
"CASSPLGNGELFF (Sbj_05 )"	"TCRBV05-06 (Sbj_05 )"	1	2017
"CASSQGGRANYGYTF (Sbj_05 )"	"TCRBV03 (Sbj_05 )"	1	2017
"CASSRTGGIDTGELFF (Sbj_05 )"	"TCRBV05-01 (Sbj_05 )"	1	2017
"CASSSPPSTPFF (Sbj_05 )"	"TCRBV07-02 (Sbj_05 )"	1	2017
"CASTRRTQTGGAGSPLHF (Sbj_05 )"	"TCRBV10-01 (Sbj_05 )"	1	2017
"CSAPSMGGGQSSSPLHF (Sbj_05 )"	"TCRBV20 (Sbj_05 )"	1	2017
"CSAQRGVGDTEAFF (Sbj_05 )"	"TCRBV20 (Sbj_05 )"	1	2017
"CSARDPVRGRYGYTF (Sbj_05 )"	"TCRBV20 (Sbj_05 )"	1	2017
"CSARKQGTYNSPLHF (Sbj_05 )"	"TCRBV20 (Sbj_05 )"	1	2017
"CASISGGAVTGELFF (Sbj_06 )"	"TCRBV07-02 (Sbj_06 )"	1	2016
"CASKGAGTNYGYTF (Sbj_06 )"	"TCRBV02-01 (Sbj_06 )"	1	2016
"CASKGERGNQETQYF (Sbj_06 )"	"TCRBV02-01 (Sbj_06 )"	1	2016
"CASNDRVAGNSPLHF (Sbj_06 )"	"TCRBV07-02 (Sbj_06 )"	1	2016
"CASRGKDRAGGNEQFF (Sbj_06 )"	"TCRBV19-01 (Sbj_06 )"	1	2016
"CASSFDRRGLSYEQYF (Sbj_06 )"	"TCRBV11-02 (Sbj_06 )"	1	2016
"CASSGTGPTDTQYF (Sbj_06 )"	"TCRBV07-02 (Sbj_06 )"	1	2016
"CASSITGNGYTF (Sbj_06 )"	"TCRBV28-01 (Sbj_06 )"	1	2016
"CASSLAPGQGYGYTF (Sbj_06 )"	"TCRBV07-02 (Sbj_06 )"	1	2016
"CASSLDLASNGYTF (Sbj_06 )"	"TCRBV11-02 (Sbj_06 )"	1	2016
"CASSLDLTREETQYF (Sbj_06 )"	"TCRBV11-02 (Sbj_06 )"	1	2016
"CASSLGAGTSTDTQYF (Sbj_06 )"	"TCRBV07-02 (Sbj_06 )"	1	2016
"CASSLGFSSGSYEQYF (Sbj_06 )"	"TCRBV07-02 (Sbj_06 )"	1	2016
"CASSLSHVSEHTDTQYF (Sbj_06 )"	"TCRBV11-01 (Sbj_06 )"	1	2016
"CASSLTDGTNYGYTF (Sbj_06 )"	"TCRBV05-01 (Sbj_06 )"	1	2016
"CASSLTGIWQYF (Sbj_06 )"	"TCRBV28-01 (Sbj_06 )"	1	2016
"CASSLWEEGKGEQYF (Sbj_06 )"	"TCRBV28-01 (Sbj_06 )"	1	2016
"CASSMWQNEGYGYTF (Sbj_06 )"	"TCRBV19-01 (Sbj_06 )"	1	2016
"CASSNLYEQYF (Sbj_06 )"	"TCRBV19-01 (Sbj_06 )"	1	2016
"CASSPKGQGAATNEKLFF (Sbj_06 )"	"TCRBV18-01 (Sbj_06 )"	1	2016
"CASSPNGARAFF (Sbj_06 )"	"TCRBV12 (Sbj_06 )"	1	2016
"CASSPPDLDYGYTF (Sbj_06 )"	"TCRBV05-06 (Sbj_06 )"	1	2016
"CASSQSYGDRVYGYTF (Sbj_06 )"	"TCRBV04-02 (Sbj_06 )"	1	2016
"CASSSVSTNEKLFF (Sbj_06 )"	"TCRBV12 (Sbj_06 )"	1	2016
"CASSVDPSLVTNEKLFF (Sbj_06 )"	"TCRBV09-01 (Sbj_06 )"	1	2016
"CASSVGSSGGGGYTF (Sbj_06 )"	"TCRBV09-01 (Sbj_06 )"	1	2016
"CASSYDVYSNQPQHF (Sbj_06 )"	"TCRBV06-05 (Sbj_06 )"	1	2016
"CATPSAVRRAYGYTF (Sbj_06 )"	"TCRBV05-01 (Sbj_06 )"	1	2016
"CSAAGSYNSPLHF (Sbj_06 )"	"TCRBV20 (Sbj_06 )"	1	2016
"CSALTNTGGETQYF (Sbj_06 )"	"TCRBV20 (Sbj_06 )"	1	2016
"CSARDPGQAGETQYF (Sbj_06 )"	"TCRBV20 (Sbj_06 )"	1	2016
"CSARTPSNQPQHF (Sbj_06 )"	"TCRBV20 (Sbj_06 )"	1	2016
"CSASPEELVTRSAQYF (Sbj_06 )"	"TCRBV20 (Sbj_06 )"	1	2016
"CSVITGTAYSYEQYF (Sbj_06 )"	"TCRBV29-01 (Sbj_06 )"	1	2016
"CASSLSGGRSYEQYF (Sbj_06 )"	"TCRBV05-06 (Sbj_06 )"	1	2017
"CASSLVGETQYF (Sbj_06 )"	"TCRBV05-01 (Sbj_06 )"	1	2017
"CASSNPGLPPYEQYF (Sbj_06 )"	"TCRBV06-05 (Sbj_06 )"	1	2017
"CASSQDGPWSYEQYF (Sbj_06 )"	"TCRBV03 (Sbj_06 )"	1	2017
"CSARESGWGLKNYGYTF (Sbj_06 )"	"TCRBV20 (Sbj_06 )"	1	2017
"CAATPPGQRLYEQYF (Sbj_08 )"	"TCRBV06 (Sbj_08 )"	1	2017
"CAISEEKKAFF (Sbj_08 )"	"TCRBV10-03 (Sbj_08 )"	1	2017
"CASREDSGGAYEQYF (Sbj_08 )"	"TCRBV05-01 (Sbj_08 )"	1	2017
"CASSPQGGIYGYTF (Sbj_08 )"	"TCRBV19-01 (Sbj_08 )"	1	2017
"CSADSGGSGLRPQHF (Sbj_08 )"	"TCRBV20 (Sbj_08 )"	1	2017
"CAISESGQGEAFF (Sbj_10 )"	"TCRBV10-03 (Sbj_10 )"	1	2016
"CASGRGGLANVLTF (Sbj_10 )"	"TCRBV06-05 (Sbj_10 )"	1	2016
"CASIRDHPQSSYNSPLHF (Sbj_10 )"	"TCRBV02-01 (Sbj_10 )"	1	2016
"CASRPQGSNSPLHF (Sbj_10 )"	"TCRBV27-01 (Sbj_10 )"	1	2016
"CASRYGTASNEKLFF (Sbj_10 )"	"TCRBV28-01 (Sbj_10 )"	1	2016
"CASSFEETQYF (Sbj_10 )"	"TCRBV05-04 (Sbj_10 )"	1	2016
"CASSISIAPAGGYTF (Sbj_10 )"	"TCRBV19-01 (Sbj_10 )"	1	2016
"CASSLTPGLGFEQYF (Sbj_10 )"	"TCRBV05-06 (Sbj_10 )"	1	2016
"CSAKARTDNQPQHF (Sbj_10 )"	"TCRBV20 (Sbj_10 )"	1	2016
"CSAPRAQDNQPQHF (Sbj_10 )"	"TCRBV20 (Sbj_10 )"	1	2016
"CSARARESNQPQHF (Sbj_10 )"	"TCRBV20 (Sbj_10 )"	1	2016
"CSARFEGLETQYF (Sbj_10 )"	"TCRBV20 (Sbj_10 )"	1	2016
"CSARRRGPMLRGEAFF (Sbj_10 )"	"TCRBV20 (Sbj_10 )"	1	2016
"CSARWISYEQYF (Sbj_10 )"	"TCRBV20 (Sbj_10 )"	1	2016
"CSATRGTGNYGYTF (Sbj_10 )"	"TCRBV20 (Sbj_10 )"	1	2016
"CSVHKGASGYGYTF (Sbj_10 )"	"TCRBV29-01 (Sbj_10 )"	1	2016
"CASSFASGQETQYF (Sbj_10 )"	"TCRBV07-08 (Sbj_10 )"	1	2017
"CASSGPGTSGVNTQYF (Sbj_10 )"	"TCRBV02-01 (Sbj_10 )"	1	2017
"CASSIGGNQPQHF (Sbj_10 )"	"TCRBV19-01 (Sbj_10 )"	1	2017
"CASSLALAGGNEQFF (Sbj_10 )"	"TCRBV07-02 (Sbj_10 )"	1	2017
"CASSLAQGVGGTEAFF (Sbj_10 )"	"TCRBV07-02 (Sbj_10 )"	1	2017
"CASSLDRGYGYTF (Sbj_10 )"	"TCRBV05-01 (Sbj_10 )"	1	2017
"CASSPGQGYAYNEQFF (Sbj_10 )"	"TCRBV04-03 (Sbj_10 )"	1	2017
"CASSQRRISGPRGYNEQFF (Sbj_10 )"	"TCRBV06-04 (Sbj_10 )"	1	2017
"CASSQVGLAGRLPYEQYF (Sbj_10 )"	"TCRBV23-01 (Sbj_10 )"	1	2017
"CASSREGRGQQYF (Sbj_10 )"	"TCRBV05-04 (Sbj_10 )"	1	2017
"CASSRGWRTSGNTIYF (Sbj_10 )"	"TCRBV06 (Sbj_10 )"	1	2017
"CASSYLRGGELGYTF (Sbj_10 )"	"TCRBV07-02 (Sbj_10 )"	1	2017
"CSAISGQGAQNTEAFF (Sbj_10 )"	"TCRBV20 (Sbj_10 )"	1	2017
"CSVEGRGGFPEETQYF (Sbj_10 )"	"TCRBV29-01 (Sbj_10 )"	1	2017
"CAISESNQPQHF (Sbj_11 )"	"TCRBV10-03 (Sbj_11 )"	1	2016
"CASRRGSGTGGNTIYF (Sbj_11 )"	"TCRBV12 (Sbj_11 )"	1	2016
"CASSIQGAKNIQYF (Sbj_11 )"	"TCRBV07-09 (Sbj_11 )"	1	2016
"CASSIRQGGTGELFF (Sbj_11 )"	"TCRBV19-01 (Sbj_11 )"	1	2016
"CASSKFLNTEAFF (Sbj_11 )"	"TCRBV12 (Sbj_11 )"	1	2016
"CASSLGTRNTEAFF (Sbj_11 )"	"TCRBV28-01 (Sbj_11 )"	1	2016
"CASSLRDRVYNEQFF (Sbj_11 )"	"TCRBV07-08 (Sbj_11 )"	1	2016
"CASSLRLGTGELFF (Sbj_11 )"	"TCRBV11-02 (Sbj_11 )"	1	2016
"CASSPGTANYEKLFF (Sbj_11 )"	"TCRBV27-01 (Sbj_11 )"	1	2016
"CASSQAGLGNTIYF (Sbj_11 )"	"TCRBV03 (Sbj_11 )"	1	2016
"CASSTGTSYGYTF (Sbj_11 )"	"TCRBV06-05 (Sbj_11 )"	1	2016
"CASSVGSGRQGSSPLHF (Sbj_11 )"	"TCRBV03 (Sbj_11 )"	1	2016
"CASTGTGEAFF (Sbj_11 )"	"TCRBV03 (Sbj_11 )"	1	2016
"CSALPGQGSDYEQYF (Sbj_11 )"	"TCRBV20 (Sbj_11 )"	1	2016
"CSSYTGITDTQYF (Sbj_11 )"	"TCRBV20 (Sbj_11 )"	1	2016
"CAISERGFDNSPLHF (Sbj_11 )"	"TCRBV10-03 (Sbj_11 )"	1	2017
"CASRVNTGPSTEAFF (Sbj_11 )"	"TCRBV05-01 (Sbj_11 )"	1	2017
"CASSDRTAKNTIYF (Sbj_11 )"	"TCRBV02-01 (Sbj_11 )"	1	2017
"CASSFSGLQETQYF (Sbj_11 )"	"TCRBV05-06 (Sbj_11 )"	1	2017
"CASSIRWGESLYEQYF (Sbj_11 )"	"TCRBV19-01 (Sbj_11 )"	1	2017
"CASSLAGGRTKNIQYF (Sbj_11 )"	"TCRBV05-06 (Sbj_11 )"	1	2017
"CASSLEGRVREKLFF (Sbj_11 )"	"TCRBV05-01 (Sbj_11 )"	1	2017
"CASSLERAPPTDTQYF (Sbj_11 )"	"TCRBV07-09 (Sbj_11 )"	1	2017
"CASSLFSGNNEQFF (Sbj_11 )"	"TCRBV11-02 (Sbj_11 )"	1	2017
"CASSLIGVSSYNEQFF (Sbj_11 )"	"TCRBV07-09 (Sbj_11 )"	1	2017
"CASSLQGAGNIQYF (Sbj_11 )"	"TCRBV07-09 (Sbj_11 )"	1	2017
"CASSLRTDGAYFYEQYF (Sbj_11 )"	"TCRBV05-01 (Sbj_11 )"	1	2017
"CASSPGQTEKLFF (Sbj_11 )"	"TCRBV12 (Sbj_11 )"	1	2017
"CASSPSGGASTDTQYF (Sbj_11 )"	"TCRBV03 (Sbj_11 )"	1	2017
"CASSTGGNYNEQFF (Sbj_11 )"	"TCRBV04-01 (Sbj_11 )"	1	2017
"CASSVVSGTGVYEQYF (Sbj_11 )"	"TCRBV05-05 (Sbj_11 )"	1	2017
"CASSYKGSTGELFF (Sbj_11 )"	"TCRBV06-06 (Sbj_11 )"	1	2017
"CASTQRQEAFF (Sbj_11 )"	"TCRBV12 (Sbj_11 )"	1	2017
"CASVQGAMRTNEKLFF (Sbj_11 )"	"TCRBV02-01 (Sbj_11 )"	1	2017
"CATSGSGIPYEQYF (Sbj_11 )"	"TCRBV24 (Sbj_11 )"	1	2017
"CATSRDVDNSYEQYF (Sbj_11 )"	"TCRBV15-01 (Sbj_11 )"	1	2017
"CSAKTDAELFF (Sbj_11 )"	"TCRBV20-01 (Sbj_11 )"	1	2017
"CSAYRQGAEFNYGYTF (Sbj_11 )"	"TCRBV20 (Sbj_11 )"	1	2017
"CASEWTEYYGYTF (Sbj_14 )"	"TCRBV06-01 (Sbj_14 )"	1	2016
"CASRTRGGEQYF (Sbj_14 )"	"TCRBV03 (Sbj_14 )"	1	2016
"CASSETGYGYTF (Sbj_14 )"	"TCRBV06-01 (Sbj_14 )"	1	2016
"CASSIQSEAFF (Sbj_14 )"	"TCRBV19-01 (Sbj_14 )"	1	2016
"CASSITGTGNEKLFF (Sbj_14 )"	"TCRBV19-01 (Sbj_14 )"	1	2016
"CASSLGDRATEAFF (Sbj_14 )"	"TCRBV05-08 (Sbj_14 )"	1	2016
"CASSSGDRSNQPQHF (Sbj_14 )"	"TCRBV05-08 (Sbj_14 )"	1	2016
"CASSSPDTNRAFF (Sbj_14 )"	"TCRBV11-03 (Sbj_14 )"	1	2016
"CASSVGQLTAGNTIYF (Sbj_14 )"	"TCRBV09-01 (Sbj_14 )"	1	2016
"CSVELGATEAFF (Sbj_14 )"	"TCRBV29-01 (Sbj_14 )"	1	2016
"CASNLDSPRDQPQHF (Sbj_14 )"	"TCRBV28-01 (Sbj_14 )"	1	2017
"CASRDGTGGNTIYF (Sbj_14 )"	"TCRBV06-05 (Sbj_14 )"	1	2017
"CASSAGWDGYTF (Sbj_14 )"	"TCRBV02-01 (Sbj_14 )"	1	2017
"CASSDRTGGNTIYF (Sbj_14 )"	"TCRBV06-01 (Sbj_14 )"	1	2017
"CASSFRTNTEAFF (Sbj_14 )"	"TCRBV05-01 (Sbj_14 )"	1	2017
"CASSLGVGQGEQYF (Sbj_14 )"	"TCRBV11-02 (Sbj_14 )"	1	2017
"CASSLIGTGLEKLFF (Sbj_14 )"	"TCRBV05-04 (Sbj_14 )"	1	2017
"CASSLKTTVNTEAFF (Sbj_14 )"	"TCRBV11-02 (Sbj_14 )"	1	2017
"CASSLVGYSGNTIYF (Sbj_14 )"	"TCRBV11-01 (Sbj_14 )"	1	2017
"CASSRPHRKLRNYGYTF (Sbj_14 )"	"TCRBV19-01 (Sbj_14 )"	1	2017
"CASSYALAGEPYEQYF (Sbj_14 )"	"TCRBV06-05 (Sbj_14 )"	1	2017
"CASTPPGRTGELFF (Sbj_14 )"	"TCRBV11-02 (Sbj_14 )"	1	2017
