"aminoAcid"	"vGeneName"	"countTemplates"	"percentage"	"subject"	"year"	"day"	"status"
"CASRWGRSNQPQHF"	"TCRBV02-01"	2	0.00626959247648903	"Sbj_10"	"2017"	"day0"	"active"
"CASSGARSSYEQYF"	"TCRBV02-01"	1	0.00313479623824451	"Sbj_10"	"2017"	"day0"	"active"
"CASSGHRVNYGYTF"	"TCRBV02-01"	1	0.00313479623824451	"Sbj_10"	"2017"	"day0"	"active"
"CASSGTSGTDTQYF"	"TCRBV02-01"	2	0.00626959247648903	"Sbj_10"	"2017"	"day0"	"active"
"CASSILRGELFF"	"TCRBV02-01"	1	0.00313479623824451	"Sbj_10"	"2017"	"day0"	"active"
"CASSPGSKGTGELFF"	"TCRBV02-01"	1	0.00313479623824451	"Sbj_10"	"2017"	"day0"	"active"
"CASSSADRLTFYTF"	"TCRBV02-01"	1	0.00313479623824451	"Sbj_10"	"2017"	"day0"	"active"
"CASSDPCPISYNSPLHF"	"TCRBV03"	2	0.00626959247648903	"Sbj_10"	"2017"	"day0"	"active"
"CASSLGGFVMQDTQYF"	"TCRBV03"	1	0.00313479623824451	"Sbj_10"	"2017"	"day0"	"active"
"CASSQDRSFTDTQYF"	"TCRBV03"	1	0.00313479623824451	"Sbj_10"	"2017"	"day0"	"active"
"CASSQEPHRGLFF"	"TCRBV03"	1	0.00313479623824451	"Sbj_10"	"2017"	"day0"	"active"
"CASSQGRHPRGTEQYF"	"TCRBV03"	2	0.00626959247648903	"Sbj_10"	"2017"	"day0"	"active"
"CASSQGTGAYNEQFF"	"TCRBV03"	1	0.00313479623824451	"Sbj_10"	"2017"	"day0"	"active"
"CASSQGWRGDTIYF"	"TCRBV03"	1	0.00313479623824451	"Sbj_10"	"2017"	"day0"	"active"
"CASSQLGPLHF"	"TCRBV03"	2	0.00626959247648903	"Sbj_10"	"2017"	"day0"	"active"
"CASSQQVGPVRNTIYF"	"TCRBV03"	1	0.00313479623824451	"Sbj_10"	"2017"	"day0"	"active"
"CASSQRLRRPEAQYF"	"TCRBV03"	1	0.00313479623824451	"Sbj_10"	"2017"	"day0"	"active"
"CASSQVAGNTGELFF"	"TCRBV03"	1	0.00313479623824451	"Sbj_10"	"2017"	"day0"	"active"
"CASSSGHHFVLDEQYF"	"TCRBV03"	1	0.00313479623824451	"Sbj_10"	"2017"	"day0"	"active"
"CASSTAYPHSDNEQFF"	"TCRBV03"	1	0.00313479623824451	"Sbj_10"	"2017"	"day0"	"active"
"CASTPRDYFTSSYNEQFF"	"TCRBV03"	1	0.00313479623824451	"Sbj_10"	"2017"	"day0"	"active"
"CASSLQSGGANNSPLHF"	"TCRBV04-01"	2	0.00626959247648903	"Sbj_10"	"2017"	"day0"	"active"
"CASSQVVGTYEQYF"	"TCRBV04-01"	1	0.00313479623824451	"Sbj_10"	"2017"	"day0"	"active"
"CASSPEAGTGDTEAFF"	"TCRBV04-02"	1	0.00313479623824451	"Sbj_10"	"2017"	"day0"	"active"
"CASSQAGGTGELFF"	"TCRBV04-02"	1	0.00313479623824451	"Sbj_10"	"2017"	"day0"	"active"
"CASSQDPYSINQPQHF"	"TCRBV04-02"	1	0.00313479623824451	"Sbj_10"	"2017"	"day0"	"active"
"CASSQFSRPGGDQPQHF"	"TCRBV04-02"	2	0.00626959247648903	"Sbj_10"	"2017"	"day0"	"active"
"CASSQGVQSYQPQHF"	"TCRBV04-02"	2	0.00626959247648903	"Sbj_10"	"2017"	"day0"	"active"
"CASSQVPETYEQYF"	"TCRBV04-02"	1	0.00313479623824451	"Sbj_10"	"2017"	"day0"	"active"
"CASSHMDTQTEAFF"	"TCRBV04-03"	1	0.00313479623824451	"Sbj_10"	"2017"	"day0"	"active"
"CASSQDPGAPQHF"	"TCRBV04-03"	1	0.00313479623824451	"Sbj_10"	"2017"	"day0"	"active"
"CASSQGFGVGANTEAFF"	"TCRBV04-03"	2	0.00626959247648903	"Sbj_10"	"2017"	"day0"	"active"
"CASSQGSPWHKLTEEKLFF"	"TCRBV04-03"	2	0.00626959247648903	"Sbj_10"	"2017"	"day0"	"active"
"CASRPGETSGNTIYF"	"TCRBV05-01"	1	0.00313479623824451	"Sbj_10"	"2017"	"day0"	"active"
"CASRPGPTTNTGELFF"	"TCRBV05-01"	2	0.00626959247648903	"Sbj_10"	"2017"	"day0"	"active"
"CASSAPGQMNTEAFF"	"TCRBV05-01"	1	0.00313479623824451	"Sbj_10"	"2017"	"day0"	"active"
"CASSFRESGNTIYF"	"TCRBV05-01"	3	0.00940438871473354	"Sbj_10"	"2017"	"day0"	"active"
"CASSFTGQAYEQYF"	"TCRBV05-01"	1	0.00313479623824451	"Sbj_10"	"2017"	"day0"	"active"
"CASSKQGDNTGELFF"	"TCRBV05-01"	1	0.00313479623824451	"Sbj_10"	"2017"	"day0"	"active"
"CASSLARTSGGEDEQFF"	"TCRBV05-01"	1	0.00313479623824451	"Sbj_10"	"2017"	"day0"	"active"
"CASSLEGFPGNTIYF"	"TCRBV05-01"	1	0.00313479623824451	"Sbj_10"	"2017"	"day0"	"active"
"CASSLGPKGTDTQYF"	"TCRBV05-01"	1	0.00313479623824451	"Sbj_10"	"2017"	"day0"	"active"
"CASSLGQGPYEQYF"	"TCRBV05-01"	1	0.00313479623824451	"Sbj_10"	"2017"	"day0"	"active"
"CASSLGQRIATNEKLFF"	"TCRBV05-01"	1	0.00313479623824451	"Sbj_10"	"2017"	"day0"	"active"
"CASSLGQYTGELFF"	"TCRBV05-01"	1	0.00313479623824451	"Sbj_10"	"2017"	"day0"	"active"
"CASSLKGTGLNQETQYF"	"TCRBV05-01"	2	0.00626959247648903	"Sbj_10"	"2017"	"day0"	"active"
"CASSLTGTYEQYF"	"TCRBV05-01"	2	0.00626959247648903	"Sbj_10"	"2017"	"day0"	"active"
"CASSLVAGDQPQHF"	"TCRBV05-01"	1	0.00313479623824451	"Sbj_10"	"2017"	"day0"	"active"
"CASSNNYGYTF"	"TCRBV05-01"	1	0.00313479623824451	"Sbj_10"	"2017"	"day0"	"active"
"CASSPGHANTEAFF"	"TCRBV05-01"	2	0.00626959247648903	"Sbj_10"	"2017"	"day0"	"active"
"CASSPSGPATNEKLFF"	"TCRBV05-01"	1	0.00313479623824451	"Sbj_10"	"2017"	"day0"	"active"
"CASSSGHIEETQYF"	"TCRBV05-01"	1	0.00313479623824451	"Sbj_10"	"2017"	"day0"	"active"
"CASSSGPGQNSPLHF"	"TCRBV05-01"	1	0.00313479623824451	"Sbj_10"	"2017"	"day0"	"active"
"CASSSGQKVGEAFF"	"TCRBV05-01"	1	0.00313479623824451	"Sbj_10"	"2017"	"day0"	"active"
"CASSAGTGFGGELFF"	"TCRBV05-04"	2	0.00626959247648903	"Sbj_10"	"2017"	"day0"	"active"
"CASSFLFGATKFDTPYEQYF"	"TCRBV05-04"	1	0.00313479623824451	"Sbj_10"	"2017"	"day0"	"active"
"CASSFLFGTTKFDTPYEQYF"	"TCRBV05-04"	1	0.00313479623824451	"Sbj_10"	"2017"	"day0"	"active"
"CASSLGGERNQPQHF"	"TCRBV05-04"	1	0.00313479623824451	"Sbj_10"	"2017"	"day0"	"active"
"CASSLTQGNTEAFF"	"TCRBV05-04"	2	0.00626959247648903	"Sbj_10"	"2017"	"day0"	"active"
"CASSPGGRRDNLETQYF"	"TCRBV05-04"	1	0.00313479623824451	"Sbj_10"	"2017"	"day0"	"active"
"CASSPQRGRGRPDTQYF"	"TCRBV05-04"	1	0.00313479623824451	"Sbj_10"	"2017"	"day0"	"active"
"CASSRDSGSPQHF"	"TCRBV05-04"	1	0.00313479623824451	"Sbj_10"	"2017"	"day0"	"active"
"CASSRGVGSAPGELFF"	"TCRBV05-04"	1	0.00313479623824451	"Sbj_10"	"2017"	"day0"	"active"
"CASSRSDRLSYEQYF"	"TCRBV05-04"	1	0.00313479623824451	"Sbj_10"	"2017"	"day0"	"active"
"CASSLAGAVQPQHF"	"TCRBV05-06"	2	0.00626959247648903	"Sbj_10"	"2017"	"day0"	"active"
"CASSLGAGQHNSPLHF"	"TCRBV05-06"	1	0.00313479623824451	"Sbj_10"	"2017"	"day0"	"active"
"CASSLMVSAYEQYF"	"TCRBV05-06"	1	0.00313479623824451	"Sbj_10"	"2017"	"day0"	"active"
"CASSLTGTGVGNTIYF"	"TCRBV05-06"	1	0.00313479623824451	"Sbj_10"	"2017"	"day0"	"active"
"CASSPILGQATYEQYF"	"TCRBV05-06"	1	0.00313479623824451	"Sbj_10"	"2017"	"day0"	"active"
"CASSSRLLRGFSYEQYF"	"TCRBV05-06"	1	0.00313479623824451	"Sbj_10"	"2017"	"day0"	"active"
"CASSSWSAEAFF"	"TCRBV05-06"	2	0.00626959247648903	"Sbj_10"	"2017"	"day0"	"active"
"CASSTPWKGGNYRNTEAFF"	"TCRBV05-06"	2	0.00626959247648903	"Sbj_10"	"2017"	"day0"	"active"
"CASSADRGHQPQHF"	"TCRBV05-07"	1	0.00313479623824451	"Sbj_10"	"2017"	"day0"	"active"
"CASSLAQGEYSPLHF"	"TCRBV05-08"	1	0.00313479623824451	"Sbj_10"	"2017"	"day0"	"active"
"CASSLGGRGYGYTF"	"TCRBV05-08"	1	0.00313479623824451	"Sbj_10"	"2017"	"day0"	"active"
"CASSPLDRLLTDTQYF"	"TCRBV05-08"	1	0.00313479623824451	"Sbj_10"	"2017"	"day0"	"active"
"CASSSGQAHEQYF"	"TCRBV05-08"	1	0.00313479623824451	"Sbj_10"	"2017"	"day0"	"active"
"CASGDAYSNQPQHF"	"TCRBV06"	1	0.00313479623824451	"Sbj_10"	"2017"	"day0"	"active"
"CASPRPPTGADSHEQYF"	"TCRBV06"	1	0.00313479623824451	"Sbj_10"	"2017"	"day0"	"active"
"CASRKNTGYGYTF"	"TCRBV06"	1	0.00313479623824451	"Sbj_10"	"2017"	"day0"	"active"
"CASSKEMTRNTGELFF"	"TCRBV06"	1	0.00313479623824451	"Sbj_10"	"2017"	"day0"	"active"
"CASSPPGGKTEAFF"	"TCRBV06"	1	0.00313479623824451	"Sbj_10"	"2017"	"day0"	"active"
"CASSSLVGSGNTIYF"	"TCRBV06"	2	0.00626959247648903	"Sbj_10"	"2017"	"day0"	"active"
"CASSYLQGRTLGANVLTF"	"TCRBV06"	1	0.00313479623824451	"Sbj_10"	"2017"	"day0"	"active"
"CASSYRPRTGGANTEAFF"	"TCRBV06"	2	0.00626959247648903	"Sbj_10"	"2017"	"day0"	"active"
"CASSYSLTDRVYTGELFF"	"TCRBV06"	1	0.00313479623824451	"Sbj_10"	"2017"	"day0"	"active"
"CASSYSQPAGTGYSNQPQHF"	"TCRBV06"	1	0.00313479623824451	"Sbj_10"	"2017"	"day0"	"active"
"CASSYSVLAGLANTGELFF"	"TCRBV06"	1	0.00313479623824451	"Sbj_10"	"2017"	"day0"	"active"
"CATNGGSTDTQYF"	"TCRBV06"	1	0.00313479623824451	"Sbj_10"	"2017"	"day0"	"active"
"CAGTGSYNSPLHF"	"TCRBV06-01"	1	0.00313479623824451	"Sbj_10"	"2017"	"day0"	"active"
"CASRPTVPPYEQYF"	"TCRBV06-01"	1	0.00313479623824451	"Sbj_10"	"2017"	"day0"	"active"
"CASSDDRGTDSPLHF"	"TCRBV06-01"	2	0.00626959247648903	"Sbj_10"	"2017"	"day0"	"active"
"CASSDPGGENTGELFF"	"TCRBV06-01"	1	0.00313479623824451	"Sbj_10"	"2017"	"day0"	"active"
"CASSEDGGGFYKQYF"	"TCRBV06-01"	1	0.00313479623824451	"Sbj_10"	"2017"	"day0"	"active"
"CASSEEGVYAEAFF"	"TCRBV06-01"	1	0.00313479623824451	"Sbj_10"	"2017"	"day0"	"active"
"CASSPAYNSPLHF"	"TCRBV06-01"	1	0.00313479623824451	"Sbj_10"	"2017"	"day0"	"active"
"CASSTTGYNEQFF"	"TCRBV06-01"	1	0.00313479623824451	"Sbj_10"	"2017"	"day0"	"active"
"CASSWKGNTEAFF"	"TCRBV06-01"	1	0.00313479623824451	"Sbj_10"	"2017"	"day0"	"active"
"CASTPGAGQYEQYF"	"TCRBV06-01"	1	0.00313479623824451	"Sbj_10"	"2017"	"day0"	"active"
"CASVGSYNSPLHF"	"TCRBV06-01"	1	0.00313479623824451	"Sbj_10"	"2017"	"day0"	"active"
"CASSGQGRGGEQFF"	"TCRBV06-04"	1	0.00313479623824451	"Sbj_10"	"2017"	"day0"	"active"
"CASSKSQASNTF"	"TCRBV06-04"	1	0.00313479623824451	"Sbj_10"	"2017"	"day0"	"active"
"CASSVGTATDTQYF"	"TCRBV06-04"	1	0.00313479623824451	"Sbj_10"	"2017"	"day0"	"active"
"CASTNTGVDEQYF"	"TCRBV06-04"	1	0.00313479623824451	"Sbj_10"	"2017"	"day0"	"active"
"CASSQNRQRGTEAFF"	"TCRBV06-05"	1	0.00313479623824451	"Sbj_10"	"2017"	"day0"	"active"
"CASSRERSGANVLTF"	"TCRBV06-05"	1	0.00313479623824451	"Sbj_10"	"2017"	"day0"	"active"
"CASSSRRGNYGYTF"	"TCRBV06-05"	1	0.00313479623824451	"Sbj_10"	"2017"	"day0"	"active"
"CASSYASGDSYEQYF"	"TCRBV06-05"	1	0.00313479623824451	"Sbj_10"	"2017"	"day0"	"active"
"CASSYGQGANTGELFF"	"TCRBV06-05"	1	0.00313479623824451	"Sbj_10"	"2017"	"day0"	"active"
"CASRPGGRSSYEQYF"	"TCRBV06-06"	1	0.00313479623824451	"Sbj_10"	"2017"	"day0"	"active"
"CASSFIDAYGYTF"	"TCRBV06-06"	1	0.00313479623824451	"Sbj_10"	"2017"	"day0"	"active"
"CASMPPLRASTDTQYF"	"TCRBV07-02"	2	0.00626959247648903	"Sbj_10"	"2017"	"day0"	"active"
"CASSFAGMGETQYF"	"TCRBV07-02"	1	0.00313479623824451	"Sbj_10"	"2017"	"day0"	"active"
"CASSFSRTHETQYF"	"TCRBV07-02"	1	0.00313479623824451	"Sbj_10"	"2017"	"day0"	"active"
"CASSISASQETQYF"	"TCRBV07-02"	1	0.00313479623824451	"Sbj_10"	"2017"	"day0"	"active"
"CASSKKQGEAFF"	"TCRBV07-02"	1	0.00313479623824451	"Sbj_10"	"2017"	"day0"	"active"
"CASSLAGQGLAFF"	"TCRBV07-02"	1	0.00313479623824451	"Sbj_10"	"2017"	"day0"	"active"
"CASSLETSGGTSSYEQYF"	"TCRBV07-02"	1	0.00313479623824451	"Sbj_10"	"2017"	"day0"	"active"
"CASSLGGGTTDTQYF"	"TCRBV07-02"	1	0.00313479623824451	"Sbj_10"	"2017"	"day0"	"active"
"CASSLGGYEKLFF"	"TCRBV07-02"	1	0.00313479623824451	"Sbj_10"	"2017"	"day0"	"active"
"CASSLGRPYEQYF"	"TCRBV07-02"	1	0.00313479623824451	"Sbj_10"	"2017"	"day0"	"active"
"CASSLGTGNNEQFF"	"TCRBV07-02"	1	0.00313479623824451	"Sbj_10"	"2017"	"day0"	"active"
"CASSLLQGGEKLFF"	"TCRBV07-02"	2	0.00626959247648903	"Sbj_10"	"2017"	"day0"	"active"
"CASSPEDAPYEQYF"	"TCRBV07-02"	1	0.00313479623824451	"Sbj_10"	"2017"	"day0"	"active"
"CASSPGQGPTGELFF"	"TCRBV07-02"	2	0.00626959247648903	"Sbj_10"	"2017"	"day0"	"active"
"CASSPPTVVQYF"	"TCRBV07-02"	1	0.00313479623824451	"Sbj_10"	"2017"	"day0"	"active"
"CASSPRQGRSYEQYF"	"TCRBV07-02"	1	0.00313479623824451	"Sbj_10"	"2017"	"day0"	"active"
"CASSPYTTDTIYF"	"TCRBV07-02"	2	0.00626959247648903	"Sbj_10"	"2017"	"day0"	"active"
"CASSSARGYSNQPQHF"	"TCRBV07-02"	1	0.00313479623824451	"Sbj_10"	"2017"	"day0"	"active"
"CASSLSTDTQYF"	"TCRBV07-03"	1	0.00313479623824451	"Sbj_10"	"2017"	"day0"	"active"
"RAIPSRDRVRKNIQYF"	"TCRBV07-03"	1	0.00313479623824451	"Sbj_10"	"2017"	"day0"	"active"
"RASSLGLLKNRELFF"	"TCRBV07-03"	1	0.00313479623824451	"Sbj_10"	"2017"	"day0"	"active"
"CATARKTYGYTF"	"TCRBV07-04"	1	0.00313479623824451	"Sbj_10"	"2017"	"day0"	"active"
"CASSLDLAALTDTQYF"	"TCRBV07-06"	1	0.00313479623824451	"Sbj_10"	"2017"	"day0"	"active"
"CASSPTSGGRYNEQFF"	"TCRBV07-06"	1	0.00313479623824451	"Sbj_10"	"2017"	"day0"	"active"
"CASSSKGGGTEAFF"	"TCRBV07-06"	2	0.00626959247648903	"Sbj_10"	"2017"	"day0"	"active"
"CASSADRGLGQPQHF"	"TCRBV07-08"	1	0.00313479623824451	"Sbj_10"	"2017"	"day0"	"active"
"CASSFMFRVQETQYF"	"TCRBV07-08"	1	0.00313479623824451	"Sbj_10"	"2017"	"day0"	"active"
"CASSPGQGGNTIYF"	"TCRBV07-08"	1	0.00313479623824451	"Sbj_10"	"2017"	"day0"	"active"
"CASSRCNPQSRANVLTF"	"TCRBV07-08"	1	0.00313479623824451	"Sbj_10"	"2017"	"day0"	"active"
"CASSSSTTYSNQPQHF"	"TCRBV07-08"	1	0.00313479623824451	"Sbj_10"	"2017"	"day0"	"active"
"CASSARDSGANVLTF"	"TCRBV07-09"	1	0.00313479623824451	"Sbj_10"	"2017"	"day0"	"active"
"CASSFKLGAYEQYF"	"TCRBV07-09"	1	0.00313479623824451	"Sbj_10"	"2017"	"day0"	"active"
"CASSFPGGEQFF"	"TCRBV07-09"	1	0.00313479623824451	"Sbj_10"	"2017"	"day0"	"active"
"CASSKEETQYF"	"TCRBV07-09"	1	0.00313479623824451	"Sbj_10"	"2017"	"day0"	"active"
"CASSLAGRVQETQYF"	"TCRBV07-09"	1	0.00313479623824451	"Sbj_10"	"2017"	"day0"	"active"
"CASSLDQRAGGATEAFF"	"TCRBV07-09"	1	0.00313479623824451	"Sbj_10"	"2017"	"day0"	"active"
"CASSLDRGDQPQHF"	"TCRBV07-09"	1	0.00313479623824451	"Sbj_10"	"2017"	"day0"	"active"
"CASSLDSTEAFF"	"TCRBV07-09"	1	0.00313479623824451	"Sbj_10"	"2017"	"day0"	"active"
"CASSLLDRGRNNEQFF"	"TCRBV07-09"	1	0.00313479623824451	"Sbj_10"	"2017"	"day0"	"active"
"CASSLSGGADEQYF"	"TCRBV07-09"	1	0.00313479623824451	"Sbj_10"	"2017"	"day0"	"active"
"CASSPGLGRTTEAFF"	"TCRBV07-09"	1	0.00313479623824451	"Sbj_10"	"2017"	"day0"	"active"
"CASSSPGLAGEQFF"	"TCRBV07-09"	1	0.00313479623824451	"Sbj_10"	"2017"	"day0"	"active"
"CASSETSLTDTQYF"	"TCRBV09-01"	1	0.00313479623824451	"Sbj_10"	"2017"	"day0"	"active"
"CASSVASGYGYTF"	"TCRBV09-01"	1	0.00313479623824451	"Sbj_10"	"2017"	"day0"	"active"
"CASSVATEGNTIYF"	"TCRBV09-01"	1	0.00313479623824451	"Sbj_10"	"2017"	"day0"	"active"
"CASSVGGGHTYNEQFF"	"TCRBV09-01"	2	0.00626959247648903	"Sbj_10"	"2017"	"day0"	"active"
"CASGGTRAYEQYF"	"TCRBV10-02"	1	0.00313479623824451	"Sbj_10"	"2017"	"day0"	"active"
"CASSASGDYGYTF"	"TCRBV10-02"	1	0.00313479623824451	"Sbj_10"	"2017"	"day0"	"active"
"CAGGVGLSGANVLTF"	"TCRBV10-03"	1	0.00313479623824451	"Sbj_10"	"2017"	"day0"	"active"
"CAIKEGDSETQYF"	"TCRBV10-03"	1	0.00313479623824451	"Sbj_10"	"2017"	"day0"	"active"
"CAISEWGLTGELFF"	"TCRBV10-03"	1	0.00313479623824451	"Sbj_10"	"2017"	"day0"	"active"
"CAISGGRGVNTEAFF"	"TCRBV10-03"	1	0.00313479623824451	"Sbj_10"	"2017"	"day0"	"active"
"CAISWEGGGRAFF"	"TCRBV10-03"	1	0.00313479623824451	"Sbj_10"	"2017"	"day0"	"active"
"CASSFAGNEQYF"	"TCRBV11-01"	1	0.00313479623824451	"Sbj_10"	"2017"	"day0"	"active"
"CASSPSRGRETQYF"	"TCRBV11-01"	2	0.00626959247648903	"Sbj_10"	"2017"	"day0"	"active"
"CASSERPGAGNTIYF"	"TCRBV11-02"	1	0.00313479623824451	"Sbj_10"	"2017"	"day0"	"active"
"CASSLDSSGGYNEQFF"	"TCRBV11-02"	1	0.00313479623824451	"Sbj_10"	"2017"	"day0"	"active"
"CASSPGDITNEKLFF"	"TCRBV11-02"	1	0.00313479623824451	"Sbj_10"	"2017"	"day0"	"active"
"CASSRTTGTGNSPLHF"	"TCRBV11-02"	1	0.00313479623824451	"Sbj_10"	"2017"	"day0"	"active"
"CASSSKGYEQYF"	"TCRBV11-02"	1	0.00313479623824451	"Sbj_10"	"2017"	"day0"	"active"
"CASELSRGGGYTF"	"TCRBV12"	1	0.00313479623824451	"Sbj_10"	"2017"	"day0"	"active"
"CASQDRLNTEAFF"	"TCRBV12"	1	0.00313479623824451	"Sbj_10"	"2017"	"day0"	"active"
"CASRLDRVSGNTIYF"	"TCRBV12"	1	0.00313479623824451	"Sbj_10"	"2017"	"day0"	"active"
"CASRPGQDQPQHF"	"TCRBV12"	1	0.00313479623824451	"Sbj_10"	"2017"	"day0"	"active"
"CASRTPGQGLEAFF"	"TCRBV12"	1	0.00313479623824451	"Sbj_10"	"2017"	"day0"	"active"
"CASSAAGHPNYEQYF"	"TCRBV12"	1	0.00313479623824451	"Sbj_10"	"2017"	"day0"	"active"
"CASSASAQNQPQHF"	"TCRBV12"	1	0.00313479623824451	"Sbj_10"	"2017"	"day0"	"active"
"CASSFGTGNEKLFF"	"TCRBV12"	2	0.00626959247648903	"Sbj_10"	"2017"	"day0"	"active"
"CASSLGSDRGPQPQHF"	"TCRBV12"	1	0.00313479623824451	"Sbj_10"	"2017"	"day0"	"active"
"CASSLQESNQPQHF"	"TCRBV12"	1	0.00313479623824451	"Sbj_10"	"2017"	"day0"	"active"
"CASSLTGGRQPQHF"	"TCRBV12"	1	0.00313479623824451	"Sbj_10"	"2017"	"day0"	"active"
"CASSNRNTIYF"	"TCRBV12"	1	0.00313479623824451	"Sbj_10"	"2017"	"day0"	"active"
"CASSRQGDGNTIYF"	"TCRBV12"	1	0.00313479623824451	"Sbj_10"	"2017"	"day0"	"active"
"CASSSQTGVTEAFF"	"TCRBV12"	1	0.00313479623824451	"Sbj_10"	"2017"	"day0"	"active"
"CASSTRQGDTGELFF"	"TCRBV12"	1	0.00313479623824451	"Sbj_10"	"2017"	"day0"	"active"
"CASSVRDGNYGYTF"	"TCRBV12"	1	0.00313479623824451	"Sbj_10"	"2017"	"day0"	"active"
"CASGGNYAGQSRANVLTF"	"TCRBV12-05"	1	0.00313479623824451	"Sbj_10"	"2017"	"day0"	"active"
"CASGLSYNQPQHF"	"TCRBV12-05"	1	0.00313479623824451	"Sbj_10"	"2017"	"day0"	"active"
"CASSSDRANTEAFF"	"TCRBV13-01"	1	0.00313479623824451	"Sbj_10"	"2017"	"day0"	"active"
"CASSQDRFEPGPRNEKLFF"	"TCRBV14-01"	1	0.00313479623824451	"Sbj_10"	"2017"	"day0"	"active"
"CASSQRLGTGELFF"	"TCRBV14-01"	1	0.00313479623824451	"Sbj_10"	"2017"	"day0"	"active"
"CASSVNRDRGSPLHF"	"TCRBV14-01"	1	0.00313479623824451	"Sbj_10"	"2017"	"day0"	"active"
"CATSITTAPGYEQYF"	"TCRBV15-01"	2	0.00626959247648903	"Sbj_10"	"2017"	"day0"	"active"
"CATSRASLGQGAFGYTF"	"TCRBV15-01"	1	0.00313479623824451	"Sbj_10"	"2017"	"day0"	"active"
"CATSRGPTDTQYF"	"TCRBV15-01"	1	0.00313479623824451	"Sbj_10"	"2017"	"day0"	"active"
"CATSRVFGGLQNTEAFF"	"TCRBV15-01"	1	0.00313479623824451	"Sbj_10"	"2017"	"day0"	"active"
"CATSRVPSGRSTF"	"TCRBV15-01"	1	0.00313479623824451	"Sbj_10"	"2017"	"day0"	"active"
"YSSILGKTYGYTF"	"TCRBV17-01"	1	0.00313479623824451	"Sbj_10"	"2017"	"day0"	"active"
"CASSPITLNTEAFF"	"TCRBV18-01"	1	0.00313479623824451	"Sbj_10"	"2017"	"day0"	"active"
"CASSPLQSGDGYTF"	"TCRBV18-01"	2	0.00626959247648903	"Sbj_10"	"2017"	"day0"	"active"
"CASSQDTTAAYGYTF"	"TCRBV18-01"	1	0.00313479623824451	"Sbj_10"	"2017"	"day0"	"active"
"CASSTGGLPYEQYF"	"TCRBV18-01"	1	0.00313479623824451	"Sbj_10"	"2017"	"day0"	"active"
"CASIGQANNSPLHF"	"TCRBV19-01"	2	0.00626959247648903	"Sbj_10"	"2017"	"day0"	"active"
"CASINRQNTGELFF"	"TCRBV19-01"	1	0.00313479623824451	"Sbj_10"	"2017"	"day0"	"active"
"CASRSQQAANYGYTF"	"TCRBV19-01"	1	0.00313479623824451	"Sbj_10"	"2017"	"day0"	"active"
"CASSIRKQETQYF"	"TCRBV19-01"	2	0.00626959247648903	"Sbj_10"	"2017"	"day0"	"active"
"CASSLPGYNEQFF"	"TCRBV19-01"	1	0.00313479623824451	"Sbj_10"	"2017"	"day0"	"active"
"CASSPDAGNTEAFF"	"TCRBV19-01"	2	0.00626959247648903	"Sbj_10"	"2017"	"day0"	"active"
"CASSRGGGSNNEQFF"	"TCRBV19-01"	1	0.00313479623824451	"Sbj_10"	"2017"	"day0"	"active"
"CASSRTDYGYTF"	"TCRBV19-01"	1	0.00313479623824451	"Sbj_10"	"2017"	"day0"	"active"
"CASSTAGISSPLHF"	"TCRBV19-01"	1	0.00313479623824451	"Sbj_10"	"2017"	"day0"	"active"
"CASSVRQGRAFF"	"TCRBV19-01"	2	0.00626959247648903	"Sbj_10"	"2017"	"day0"	"active"
"CASTVHYGRRPEAFF"	"TCRBV19-01"	2	0.00626959247648903	"Sbj_10"	"2017"	"day0"	"active"
"CATAGEAASNYGYTF"	"TCRBV19-01"	2	0.00626959247648903	"Sbj_10"	"2017"	"day0"	"active"
"CATKTGGNQPQHF"	"TCRBV19-01"	1	0.00313479623824451	"Sbj_10"	"2017"	"day0"	"active"
"CSALFGNYGYTF"	"TCRBV20"	1	0.00313479623824451	"Sbj_10"	"2017"	"day0"	"active"
"CSANPTGGHNQPQHF"	"TCRBV20"	1	0.00313479623824451	"Sbj_10"	"2017"	"day0"	"active"
"CSAPHRGDGYTF"	"TCRBV20"	1	0.00313479623824451	"Sbj_10"	"2017"	"day0"	"active"
"CSARDDRGRGEPQHF"	"TCRBV20"	1	0.00313479623824451	"Sbj_10"	"2017"	"day0"	"active"
"CSARDLRGSNYEQYF"	"TCRBV20"	2	0.00626959247648903	"Sbj_10"	"2017"	"day0"	"active"
"CSARDRDRIIEQFF"	"TCRBV20"	1	0.00313479623824451	"Sbj_10"	"2017"	"day0"	"active"
"CSARDVNRDNEKLFF"	"TCRBV20"	1	0.00313479623824451	"Sbj_10"	"2017"	"day0"	"active"
"CSAREFRTANTEAFF"	"TCRBV20"	1	0.00313479623824451	"Sbj_10"	"2017"	"day0"	"active"
"CSAREKSGFAGEAFF"	"TCRBV20"	1	0.00313479623824451	"Sbj_10"	"2017"	"day0"	"active"
"CSARETGRSNQPQHF"	"TCRBV20"	1	0.00313479623824451	"Sbj_10"	"2017"	"day0"	"active"
"CSARGGGKLDFF"	"TCRBV20"	1	0.00313479623824451	"Sbj_10"	"2017"	"day0"	"active"
"CSARGPGGEETQYF"	"TCRBV20"	1	0.00313479623824451	"Sbj_10"	"2017"	"day0"	"active"
"CSARGSGDTGELFF"	"TCRBV20"	1	0.00313479623824451	"Sbj_10"	"2017"	"day0"	"active"
"CSARGVSGPTNEKLFF"	"TCRBV20"	1	0.00313479623824451	"Sbj_10"	"2017"	"day0"	"active"
"CSARINRGRDYEQYF"	"TCRBV20"	1	0.00313479623824451	"Sbj_10"	"2017"	"day0"	"active"
"CSARNSRGKLNSYNSPLHF"	"TCRBV20"	1	0.00313479623824451	"Sbj_10"	"2017"	"day0"	"active"
"CSARRLAGGRETQYF"	"TCRBV20"	1	0.00313479623824451	"Sbj_10"	"2017"	"day0"	"active"
"CSARSGGGATYEQYF"	"TCRBV20"	1	0.00313479623824451	"Sbj_10"	"2017"	"day0"	"active"
"CSARVGPNLVEQYF"	"TCRBV20"	1	0.00313479623824451	"Sbj_10"	"2017"	"day0"	"active"
"CSARVGSGSNQPQHF"	"TCRBV20"	1	0.00313479623824451	"Sbj_10"	"2017"	"day0"	"active"
"CSARYTSPTEAFF"	"TCRBV20"	1	0.00313479623824451	"Sbj_10"	"2017"	"day0"	"active"
"CSASEAAVNYGYTF"	"TCRBV20"	1	0.00313479623824451	"Sbj_10"	"2017"	"day0"	"active"
"CATETGRPGEQYF"	"TCRBV24"	1	0.00313479623824451	"Sbj_10"	"2017"	"day0"	"active"
"CATSNKVARKTYGYTF"	"TCRBV24"	1	0.00313479623824451	"Sbj_10"	"2017"	"day0"	"active"
"CASSDALTNEKLFF"	"TCRBV25-01"	1	0.00313479623824451	"Sbj_10"	"2017"	"day0"	"active"
"CASSELPGQGEDSYGYTF"	"TCRBV25-01"	1	0.00313479623824451	"Sbj_10"	"2017"	"day0"	"active"
"CASSELRDTHTEAFF"	"TCRBV25-01"	1	0.00313479623824451	"Sbj_10"	"2017"	"day0"	"active"
"CASSSTGAYGYTF"	"TCRBV25-01"	2	0.00626959247648903	"Sbj_10"	"2017"	"day0"	"active"
"CASGQVNYGYTF"	"TCRBV27-01"	1	0.00313479623824451	"Sbj_10"	"2017"	"day0"	"active"
"CASRGGGIGGYTF"	"TCRBV27-01"	1	0.00313479623824451	"Sbj_10"	"2017"	"day0"	"active"
"CASSFKRGFQETQYF"	"TCRBV27-01"	1	0.00313479623824451	"Sbj_10"	"2017"	"day0"	"active"
"CASSFPGMGEQYF"	"TCRBV27-01"	1	0.00313479623824451	"Sbj_10"	"2017"	"day0"	"active"
"CASSLLGGRGVNYGYTF"	"TCRBV27-01"	1	0.00313479623824451	"Sbj_10"	"2017"	"day0"	"active"
"CASSLRYQGGEQYF"	"TCRBV27-01"	1	0.00313479623824451	"Sbj_10"	"2017"	"day0"	"active"
"CASSPRLRTGLDYGYTF"	"TCRBV27-01"	1	0.00313479623824451	"Sbj_10"	"2017"	"day0"	"active"
"CASSRHRDNSPLHF"	"TCRBV27-01"	2	0.00626959247648903	"Sbj_10"	"2017"	"day0"	"active"
"CASSSGRNYNSPLHF"	"TCRBV27-01"	2	0.00626959247648903	"Sbj_10"	"2017"	"day0"	"active"
"CASSVRYWLQSRANVLTF"	"TCRBV27-01"	1	0.00313479623824451	"Sbj_10"	"2017"	"day0"	"active"
"CASGTPQYEQYF"	"TCRBV28-01"	1	0.00313479623824451	"Sbj_10"	"2017"	"day0"	"active"
"CASQGGTGNQNIQYF"	"TCRBV28-01"	1	0.00313479623824451	"Sbj_10"	"2017"	"day0"	"active"
"CASRPGQGPLDEQYF"	"TCRBV28-01"	1	0.00313479623824451	"Sbj_10"	"2017"	"day0"	"active"
"CASSFWTGNTEAFF"	"TCRBV28-01"	1	0.00313479623824451	"Sbj_10"	"2017"	"day0"	"active"
"CASSLSLLPNYGYTF"	"TCRBV28-01"	1	0.00313479623824451	"Sbj_10"	"2017"	"day0"	"active"
"CASSLSPNPYEQYF"	"TCRBV28-01"	1	0.00313479623824451	"Sbj_10"	"2017"	"day0"	"active"
"CASSLTGTGGLSPLHF"	"TCRBV28-01"	2	0.00626959247648903	"Sbj_10"	"2017"	"day0"	"active"
"CASSPIGGTVEAFF"	"TCRBV28-01"	1	0.00313479623824451	"Sbj_10"	"2017"	"day0"	"active"
"CASSPPDRGVGELFF"	"TCRBV28-01"	1	0.00313479623824451	"Sbj_10"	"2017"	"day0"	"active"
"CSATAQGADGYTF"	"TCRBV29-01"	1	0.00313479623824451	"Sbj_10"	"2017"	"day0"	"active"
"CSGGGHGFGEQFF"	"TCRBV29-01"	1	0.00313479623824451	"Sbj_10"	"2017"	"day0"	"active"
"CSTQDATNEKLFF"	"TCRBV29-01"	1	0.00313479623824451	"Sbj_10"	"2017"	"day0"	"active"
"CSVEDNTRGRKLFF"	"TCRBV29-01"	2	0.00626959247648903	"Sbj_10"	"2017"	"day0"	"active"
"CSVGNRALGTGELFF"	"TCRBV29-01"	1	0.00313479623824451	"Sbj_10"	"2017"	"day0"	"active"
"CATVRGGSRYEQYF"	"TCRBV30-01"	1	0.00313479623824451	"Sbj_10"	"2017"	"day0"	"active"
"CAWSAGAGNTIYF"	"TCRBV30-01"	1	0.00313479623824451	"Sbj_10"	"2017"	"day0"	"active"
"CAWSRSGGLQFF"	"TCRBV30-01"	1	0.00313479623824451	"Sbj_10"	"2017"	"day0"	"active"
"CAWSVGPASSTAFF"	"TCRBV30-01"	1	0.00313479623824451	"Sbj_10"	"2017"	"day0"	"active"
"CAWSVRGHVGWETQYF"	"TCRBV30-01"	1	0.00313479623824451	"Sbj_10"	"2017"	"day0"	"active"
